Workbook

Sheet Portada
B8: Catálogo de Endpoints
B9: API REST FastAPI
B10: Acredittia
B12: Revisión: 1.0
B13: 30/10/2026
B15: Contenido del libro
B16: Resumen | D16: Endpoints por módulo y método HTTP
B17: Endpoints | D17: 161 endpoints con ruta, función y descripción
B19: Ficha del documento
B20: Fecha | C20: Revisión | D20: Autor | E20: Modificación
B21: 30/10/2026 | C21: 1.0 | D21: Equipo Acredittia | E21: Creación del documento
B24: Escuela de Informática y Telecomunicaciones · Duoc UC

Sheet Resumen
A1: Catálogo de endpoints — API Acredittia (FastAPI)
A2: Fuente: app/backend/app/routers/*.py del repositorio Backend_Acredita. Todas las rutas cuelgan de /api/v1.
A4: Módulo | B4: GET | C4: POST | D4: PUT | E4: PATCH | F4: DELETE | G4: Total
A5: Administración | B5: =COUNTIFS(Endpoints!$A$2:$A$162,$A5,Endpoints!$C$2:$C$162,"GET") -> 4 | C5: =COUNTIFS(Endpoints!$A$2:$A$162,$A5,Endpoints!$C$2:$C$162,"POST") -> 6 | D5: =COUNTIFS(Endpoints!$A$2:$A$162,$A5,Endpoints!$C$2:$C$162,"PUT") -> 0 | E5: =COUNTIFS(Endpoints!$A$2:$A$162,$A5,Endpoints!$C$2:$C$162,"PATCH") -> 2 | F5: =COUNTIFS(Endpoints!$A$2:$A$162,$A5,Endpoints!$C$2:$C$162,"DELETE") -> 1 | G5: =SUM(B5:F5) -> 13
A6: Alertas | B6: =COUNTIFS(Endpoints!$A$2:$A$162,$A6,Endpoints!$C$2:$C$162,"GET") -> 2 | C6: =COUNTIFS(Endpoints!$A$2:$A$162,$A6,Endpoints!$C$2:$C$162,"POST") -> 1 | D6: =COUNTIFS(Endpoints!$A$2:$A$162,$A6,Endpoints!$C$2:$C$162,"PUT") -> 0 | E6: =COUNTIFS(Endpoints!$A$2:$A$162,$A6,Endpoints!$C$2:$C$162,"PATCH") -> 1 | F6: =COUNTIFS(Endpoints!$A$2:$A$162,$A6,Endpoints!$C$2:$C$162,"DELETE") -> 0 | G6: =SUM(B6:F6) -> 4
A7: Archivos (SAS local) | B7: =COUNTIFS(Endpoints!$A$2:$A$162,$A7,Endpoints!$C$2:$C$162,"GET") -> 1 | C7: =COUNTIFS(Endpoints!$A$2:$A$162,$A7,Endpoints!$C$2:$C$162,"POST") -> 0 | D7: =COUNTIFS(Endpoints!$A$2:$A$162,$A7,Endpoints!$C$2:$C$162,"PUT") -> 1 | E7: =COUNTIFS(Endpoints!$A$2:$A$162,$A7,Endpoints!$C$2:$C$162,"PATCH") -> 0 | F7: =COUNTIFS(Endpoints!$A$2:$A$162,$A7,Endpoints!$C$2:$C$162,"DELETE") -> 0 | G7: =SUM(B7:F7) -> 2
A8: Auditoría | B8: =COUNTIFS(Endpoints!$A$2:$A$162,$A8,Endpoints!$C$2:$C$162,"GET") -> 1 | C8: =COUNTIFS(Endpoints!$A$2:$A$162,$A8,Endpoints!$C$2:$C$162,"POST") -> 0 | D8: =COUNTIFS(Endpoints!$A$2:$A$162,$A8,Endpoints!$C$2:$C$162,"PUT") -> 0 | E8: =COUNTIFS(Endpoints!$A$2:$A$162,$A8,Endpoints!$C$2:$C$162,"PATCH") -> 0 | F8: =COUNTIFS(Endpoints!$A$2:$A$162,$A8,Endpoints!$C$2:$C$162,"DELETE") -> 0 | G8: =SUM(B8:F8) -> 1
A9: Autenticación | B9: =COUNTIFS(Endpoints!$A$2:$A$162,$A9,Endpoints!$C$2:$C$162,"GET") -> 1 | C9: =COUNTIFS(Endpoints!$A$2:$A$162,$A9,Endpoints!$C$2:$C$162,"POST") -> 6 | D9: =COUNTIFS(Endpoints!$A$2:$A$162,$A9,Endpoints!$C$2:$C$162,"PUT") -> 0 | E9: =COUNTIFS(Endpoints!$A$2:$A$162,$A9,Endpoints!$C$2:$C$162,"PATCH") -> 1 | F9: =COUNTIFS(Endpoints!$A$2:$A$162,$A9,Endpoints!$C$2:$C$162,"DELETE") -> 0 | G9: =SUM(B9:F9) -> 8
A10: Calendario | B10: =COUNTIFS(Endpoints!$A$2:$A$162,$A10,Endpoints!$C$2:$C$162,"GET") -> 1 | C10: =COUNTIFS(Endpoints!$A$2:$A$162,$A10,Endpoints!$C$2:$C$162,"POST") -> 1 | D10: =COUNTIFS(Endpoints!$A$2:$A$162,$A10,Endpoints!$C$2:$C$162,"PUT") -> 0 | E10: =COUNTIFS(Endpoints!$A$2:$A$162,$A10,Endpoints!$C$2:$C$162,"PATCH") -> 1 | F10: =COUNTIFS(Endpoints!$A$2:$A$162,$A10,Endpoints!$C$2:$C$162,"DELETE") -> 1 | G10: =SUM(B10:F10) -> 4
A11: Cargos | B11: =COUNTIFS(Endpoints!$A$2:$A$162,$A11,Endpoints!$C$2:$C$162,"GET") -> 3 | C11: =COUNTIFS(Endpoints!$A$2:$A$162,$A11,Endpoints!$C$2:$C$162,"POST") -> 2 | D11: =COUNTIFS(Endpoints!$A$2:$A$162,$A11,Endpoints!$C$2:$C$162,"PUT") -> 0 | E11: =COUNTIFS(Endpoints!$A$2:$A$162,$A11,Endpoints!$C$2:$C$162,"PATCH") -> 2 | F11: =COUNTIFS(Endpoints!$A$2:$A$162,$A11,Endpoints!$C$2:$C$162,"DELETE") -> 2 | G11: =SUM(B11:F11) -> 9
A12: Checklist del contrato | B12: =COUNTIFS(Endpoints!$A$2:$A$162,$A12,Endpoints!$C$2:$C$162,"GET") -> 2 | C12: =COUNTIFS(Endpoints!$A$2:$A$162,$A12,Endpoints!$C$2:$C$162,"POST") -> 2 | D12: =COUNTIFS(Endpoints!$A$2:$A$162,$A12,Endpoints!$C$2:$C$162,"PUT") -> 1 | E12: =COUNTIFS(Endpoints!$A$2:$A$162,$A12,Endpoints!$C$2:$C$162,"PATCH") -> 1 | F12: =COUNTIFS(Endpoints!$A$2:$A$162,$A12,Endpoints!$C$2:$C$162,"DELETE") -> 1 | G12: =SUM(B12:F12) -> 7
A13: Contratos | B13: =COUNTIFS(Endpoints!$A$2:$A$162,$A13,Endpoints!$C$2:$C$162,"GET") -> 8 | C13: =COUNTIFS(Endpoints!$A$2:$A$162,$A13,Endpoints!$C$2:$C$162,"POST") -> 2 | D13: =COUNTIFS(Endpoints!$A$2:$A$162,$A13,Endpoints!$C$2:$C$162,"PUT") -> 0 | E13: =COUNTIFS(Endpoints!$A$2:$A$162,$A13,Endpoints!$C$2:$C$162,"PATCH") -> 1 | F13: =COUNTIFS(Endpoints!$A$2:$A$162,$A13,Endpoints!$C$2:$C$162,"DELETE") -> 1 | G13: =SUM(B13:F13) -> 12
A14: Dashboard | B14: =COUNTIFS(Endpoints!$A$2:$A$162,$A14,Endpoints!$C$2:$C$162,"GET") -> 6 | C14: =COUNTIFS(Endpoints!$A$2:$A$162,$A14,Endpoints!$C$2:$C$162,"POST") -> 0 | D14: =COUNTIFS(Endpoints!$A$2:$A$162,$A14,Endpoints!$C$2:$C$162,"PUT") -> 0 | E14: =COUNTIFS(Endpoints!$A$2:$A$162,$A14,Endpoints!$C$2:$C$162,"PATCH") -> 0 | F14: =COUNTIFS(Endpoints!$A$2:$A$162,$A14,Endpoints!$C$2:$C$162,"DELETE") -> 0 | G14: =SUM(B14:F14) -> 6
A15: Documentos | B15: =COUNTIFS(Endpoints!$A$2:$A$162,$A15,Endpoints!$C$2:$C$162,"GET") -> 3 | C15: =COUNTIFS(Endpoints!$A$2:$A$162,$A15,Endpoints!$C$2:$C$162,"POST") -> 2 | D15: =COUNTIFS(Endpoints!$A$2:$A$162,$A15,Endpoints!$C$2:$C$162,"PUT") -> 0 | E15: =COUNTIFS(Endpoints!$A$2:$A$162,$A15,Endpoints!$C$2:$C$162,"PATCH") -> 1 | F15: =COUNTIFS(Endpoints!$A$2:$A$162,$A15,Endpoints!$C$2:$C$162,"DELETE") -> 1 | G15: =SUM(B15:F15) -> 7
A16: Empresa | B16: =COUNTIFS(Endpoints!$A$2:$A$162,$A16,Endpoints!$C$2:$C$162,"GET") -> 2 | C16: =COUNTIFS(Endpoints!$A$2:$A$162,$A16,Endpoints!$C$2:$C$162,"POST") -> 1 | D16: =COUNTIFS(Endpoints!$A$2:$A$162,$A16,Endpoints!$C$2:$C$162,"PUT") -> 0 | E16: =COUNTIFS(Endpoints!$A$2:$A$162,$A16,Endpoints!$C$2:$C$162,"PATCH") -> 2 | F16: =COUNTIFS(Endpoints!$A$2:$A$162,$A16,Endpoints!$C$2:$C$162,"DELETE") -> 1 | G16: =SUM(B16:F16) -> 6
... A28: Webhooks | B28: =COUNTIFS(Endpoints!$A$2:$A$162,$A28,Endpoints!$C$2:$C$162,"GET") -> 1 | C28: =COUNTIFS(Endpoints!$A$2:$A$162,$A28,Endpoints!$C$2:$C$162,"POST") -> 2 | D28: =COUNTIFS(Endpoints!$A$2:$A$162,$A28,Endpoints!$C$2:$C$162,"PUT") -> 0 | E28: =COUNTIFS(Endpoints!$A$2:$A$162,$A28,Endpoints!$C$2:$C$162,"PATCH") -> 0 | F28: =COUNTIFS(Endpoints!$A$2:$A$162,$A28,Endpoints!$C$2:$C$162,"DELETE") -> 0 | G28: =SUM(B28:F28) -> 3
A29: Total | B29: =SUM(B5:B28) -> 76 | C29: =SUM(C5:C28) -> 46 | D29: =SUM(D5:D28) -> 2 | E29: =SUM(E5:E28) -> 22 | F29: =SUM(F5:F28) -> 15 | G29: =SUM(G5:G28) -> 161

Sheet Endpoints
A1: Módulo | B1: Archivo | C1: Método | D1: Ruta | E1: Función | F1: Descripción (docstring)
A2: Administración | B2: routers/admin.py | C2: GET | D2: /api/v1/admin/companies | E2: list_companies | F2: Solicitudes y cuentas de empresa, la más reciente primero.
A3: Administración | B3: routers/admin.py | C3: GET | D3: /api/v1/admin/companies/{company_id} | E3: detalle_company | F3: Ficha de una empresa con sus estadísticas de operación.
A4: Administración | B4: routers/admin.py | C4: POST | D4: /api/v1/admin/companies/{company_id}/approve | E4: approve
A5: Administración | B5: routers/admin.py | C5: POST | D5: /api/v1/admin/companies/{company_id}/reject | E5: reject
A6: Administración | B6: routers/admin.py | C6: POST | D6: /api/v1/admin/companies/{company_id}/reset-demo | E6: reset_demo | F6: Reinicia los datos de operación de una empresa demo. Irreversible.
A7: Administración | B7: routers/admin.py | C7: POST | D7: /api/v1/admin/faenas | E7: crear_faena | F7: Da de alta una faena en el catálogo global.
A8: Administración | B8: routers/admin.py | C8: PATCH | D8: /api/v1/admin/faenas/{faena_id} | E8: editar_faena | F8: Edita los datos y el branding de una faena del catálogo.
A9: Administración | B9: routers/admin.py | C9: POST | D9: /api/v1/admin/faenas/{faena_id}/plataformas | E9: crear_plataforma_faena | F9: Agrega una plataforma del mandante a la faena (SIGA, DIRECTIC, …).
A10: Administración | B10: routers/admin.py | C10: GET | D10: /api/v1/admin/requisitos/templates | E10: listar_templates | F10: Catálogo completo de plantillas, incluidas las inactivas.
A11: Administración | B11: routers/admin.py | C11: POST | D11: /api/v1/admin/requisitos/templates | E11: crear_template | F11: Crea una plantilla de requisito.
A12: Administración | B12: routers/admin.py | C12: DELETE | D12: /api/v1/admin/requisitos/templates/{template_id} | E12: eliminar_template | F12: Desactiva la plantilla (borrado en blando). Nunca borra documentos.
A13: Administración | B13: routers/admin.py | C13: PATCH | D13: /api/v1/admin/requisitos/templates/{template_id} | E13: editar_template | F13: Edita una plantilla. Los cambios NO se propagan a lo ya instanciado.
A14: Administración | B14: routers/admin.py | C14: GET | D14: /api/v1/admin/stats | E14: stats | F14: KPI de la plataforma.
A15: Alertas | B15: routers/alertas.py | C15: GET | D15: /api/v1/alertas | E15: listar | F15: Alertas de la empresa, la más reciente primero.
A16: Alertas | B16: routers/alertas.py | C16: POST | D16: /api/v1/alertas/marcar-leidas | E16: marcar_leidas | F16: Marca como leídas las alertas indicadas, o todas las no leídas.
A17: Alertas | B17: routers/alertas.py | C17: GET | D17: /api/v1/alertas/resumen | E17: resumen | F17: Contadores de la campana de notificaciones.
... A22: Autenticación | B22: routers/auth.py | C22: POST | D22: /api/v1/auth/login | E22: login | F22: Emite el par de tokens. Rechaza cuentas no aprobadas o desactivadas.
A23: Autenticación | B23: routers/auth.py | C23: POST | D23: /api/v1/auth/logout | E23: logout
A24: Autenticación | B24: routers/auth.py | C24: GET | D24: /api/v1/auth/me | E24: me | F24: Perfil del usuario autenticado.
A25: Autenticación | B25: routers/auth.py | C25: PATCH | D25: /api/v1/auth/me | E25: editar_me | F25: Autoservicio del perfil: nombre, email y contraseña.
A26: Autenticación | B26: routers/auth.py | C26: POST | D26: /api/v1/auth/password/forgot | E26: password_forgot | F26: Emite un token de restablecimiento. Respuesta idéntica exista o no la cuenta.
A27: Autenticación | B27: routers/auth.py | C27: POST | D27: /api/v1/auth/password/reset | E27: password_reset | F27: Consume un token de restablecimiento y cambia la contraseña.
A28: Autenticación | B28: routers/auth.py | C28: POST | D28: /api/v1/auth/refresh | E28: refresh | F28: Rota el refresh token. Sin tenant en contexto: ver `login`.
A29: Autenticación | B29: routers/auth.py | C29: POST | D29: /api/v1/auth/register | E29: register | F29: Alta de una empresa y de su primer usuario, en estado `pending`.
A30: Calendario | B30: routers/calendario.py | C30: GET | D30: /api/v1/calendario/eventos | E30: listar_eventos | F30: Eventos del rango: vencimientos proyectados + anotaciones de la empresa.
A31: Calendario | B31: routers/calendario.py | C31: POST | D31: /api/v1/calendario/eventos | E31: crear_evento | F31: Anota un evento propio de la empresa en el calendario.
A32: Calendario | B32: routers/calendario.py | C32: DELETE | D32: /api/v1/calendario/eventos/{evento_id} | E32: eliminar_evento | F32: Elimina un evento manual. Los vencimientos no se pueden borrar: no son
A33: Calendario | B33: routers/calendario.py | C33: PATCH | D33: /api/v1/calendario/eventos/{evento_id} | E33: editar_evento | F33: Edita un evento manual. La categoría sigue sin poder ser 'vencimiento'.
A34: Cargos | B34: routers/cargos.py | C34: GET | D34: /api/v1/admin/cargos | E34: admin_listar | F34: Catálogo base de Acredittia, el que heredan todas las empresas.
A35: Cargos | B35: routers/cargos.py | C35: POST | D35: /api/v1/admin/cargos | E35: admin_crear | F35: Crea un cargo del catálogo base (company_id NULL).
... A53: Contratos | B53: routers/contratos.py | C53: DELETE | D53: /api/v1/contratos/{contrato_id} | E53: eliminar | F53: Borra el contrato y todo lo que cuelga de él. Exige confirm con dotación.
A54: Contratos | B54: routers/contratos.py | C54: GET | D54: /api/v1/contratos/{contrato_id} | E54: detalle
A55: Contratos | B55: routers/contratos.py | C55: PATCH | D55: /api/v1/contratos/{contrato_id} | E55: editar
A56: Contratos | B56: routers/contratos.py | C56: GET | D56: /api/v1/contratos/{contrato_id}/alertas | E56: alertas_contrato | F56: Alertas del contrato, en el mismo formato que `GET /alertas`.
A57: Contratos | B57: routers/contratos.py | C57: GET | D57: /api/v1/contratos/{contrato_id}/documentos | E57: docs_empresa | F57: Checklist de ámbito empresa del contrato (los que cuelgan del contrato).
A58: Contratos | B58: routers/contratos.py | C58: GET | D58: /api/v1/contratos/{contrato_id}/equipos | E58: equipos_contrato | F58: Flota del contrato. Mismos filtros y formato que `GET /equipos`.
A59: Contratos | B59: routers/contratos.py | C59: GET | D59: /api/v1/contratos/{contrato_id}/historial | E59: historial_contrato | F59: Actividad relacionada con el contrato, la más reciente primero.
A60: Contratos | B60: routers/contratos.py | C60: GET | D60: /api/v1/contratos/{contrato_id}/matriz | E60: matriz | F60: Matriz dispersa sujeto × requisito del contrato (§8.4).
A61: Contratos | B61: routers/contratos.py | C61: GET | D61: /api/v1/contratos/{contrato_id}/personal | E61: personal_contrato | F61: Personal del contrato. Mismos filtros y formato que `GET /personal`.
A62: Dashboard | B62: routers/dashboard.py | C62: GET | D62: /api/v1/dashboard/acreditaciones-estado | E62: acreditaciones | F62: Reparto de sujetos por estado de acreditación (dona del dashboard).
A63: Dashboard | B63: routers/dashboard.py | C63: GET | D63: /api/v1/dashboard/actividad | E63: feed | F63: Últimas acciones de la empresa. El historial completo está en /actividad.
A64: Dashboard | B64: routers/dashboard.py | C64: GET | D64: /api/v1/dashboard/cumplimiento-contratos | E64: cumplimiento | F64: Cumplimiento contrato a contrato, con el mismo cálculo que su ficha.
A65: Dashboard | B65: routers/dashboard.py | C65: GET | D65: /api/v1/dashboard/kpis | E65: kpis | F65: Tarjetas de cabecera: contratos, dotación, cumplimiento y alertas.
A66: Dashboard | B66: routers/dashboard.py | C66: GET | D66: /api/v1/dashboard/proximos-vencimientos | E66: vencimientos | F66: Documentos vigentes que vencen dentro de la ventana pedida.
A67: Dashboard | B67: routers/dashboard.py | C67: GET | D67: /api/v1/dashboard/tendencia | E67: tendencia | F67: Evolución del cumplimiento a partir de `cumplimiento_snapshots`.
A68: Documentos | B68: routers/documentos.py | C68: GET | D68: /api/v1/documentos | E68: listar | F68: Todos los documentos de la empresa, con su dueño resuelto.
A69: Documentos | B69: routers/documentos.py | C69: GET | D69: /api/v1/documentos/{doc_id} | E69: detalle
A70: Documentos | B70: routers/documentos.py | C70: PATCH | D70: /api/v1/documentos/{doc_id} | E70: editar | F70: Marca el documento a mano (ok / falta) y fija o deriva su vencimiento.
A71: Documentos | B71: routers/documentos.py | C71: POST | D71: /api/v1/documentos/{doc_id}/archivos | E71: confirmar_archivo | F71: Confirma un archivo ya subido por SAS y encola su revisión IA.
A72: Documentos | B72: routers/documentos.py | C72: DELETE | D72: /api/v1/documentos/{doc_id}/archivos/{archivo_id} | E72: borrar_archivo | F72: Borra el archivo y su blob. Sin archivos, el documento vuelve a `falta`.
A73: Documentos | B73: routers/documentos.py | C73: GET | D73: /api/v1/documentos/{doc_id}/archivos/{archivo_id}/download-url | E73: download_url | F73: Emite una SAS de lectura de corta vida para descargar el archivo.
A74: Documentos | B74: routers/documentos.py | C74: POST | D74: /api/v1/documentos/{doc_id}/upload-url | E74: upload_url | F74: Emite la SAS de escritura para subir el archivo sin pasar por la API.
A75: Empresa | B75: routers/company.py | C75: GET | D75: /api/v1/company | E75: perfil | F75: Perfil de la empresa del token con su cumplimiento global.
A76: Empresa | B76: routers/company.py | C76: PATCH | D76: /api/v1/company | E76: editar_perfil | F76: Actualiza los datos de contacto. RUT y status no son editables aquí.
A77: Empresa | B77: routers/company.py | C77: GET | D77: /api/v1/company/usuarios | E77: listar_usuarios | F77: Usuarios de la empresa. Un contract_admin solo ve los de su contrato.
A78: Empresa | B78: routers/company.py | C78: POST | D78: /api/v1/company/usuarios | E78: invitar_usuario | F78: Invita un usuario a la empresa.
A79: Empresa | B79: routers/company.py | C79: DELETE | D79: /api/v1/company/usuarios/{uid} | E79: desactivar_usuario | F79: Baja lógica: el usuario nunca se borra para no perder la trazabilidad de
A80: Empresa | B80: routers/company.py | C80: PATCH | D80: /api/v1/company/usuarios/{uid} | E80: editar_usuario | F80: Cambia nombre, rol, contrato o actividad de un usuario.
A81: Faenas | B81: routers/faenas.py | C81: GET | D81: /api/v1/catalogo/ejemplos | E81: ejemplos | F81: Biblioteca de ejemplos documentales (§7.2).
A82: Faenas | B82: routers/faenas.py | C82: GET | D82: /api/v1/catalogo/ejemplos/{clave} | E82: ejemplo
A83: Faenas | B83: routers/faenas.py | C83: GET | D83: /api/v1/catalogo/laboratorios | E83: laboratorios | F83: Laboratorios y centros médicos homologados para exámenes de altura.
A84: Faenas | B84: routers/faenas.py | C84: GET | D84: /api/v1/catalogo/proveedores-gps | E84: proveedores_gps | F84: Proveedores GPS aceptados por el mandante (multiflota).
A85: Faenas | B85: routers/faenas.py | C85: GET | D85: /api/v1/catalogo/requisitos-templates | E85: templates | F85: Plantillas activas del catálogo global (lectura).
A86: Faenas | B86: routers/faenas.py | C86: GET | D86: /api/v1/catalogo/requisitos-terreno | E86: requisitos_terreno | F86: Requisitos NO documentales que se verifican en terreno (Reglamento MLP).
A87: Faenas | B87: routers/faenas.py | C87: GET | D87: /api/v1/catalogo/talleres | E87: talleres | F87: Talleres homologados para mantenciones y certificados de operatividad.
A88: Faenas | B88: routers/faenas.py | C88: GET | D88: /api/v1/catalogo/tipos-equipo | E88: tipos_equipo | F88: Vocabulario cerrado de `sujetos.tipo_equipo`. No es una tabla.
A89: Faenas | B89: routers/faenas.py | C89: GET | D89: /api/v1/faenas | E89: list_faenas | F89: Faenas del catálogo con la presencia de la empresa en cada una.
A90: Faenas | B90: routers/faenas.py | C90: GET | D90: /api/v1/faenas/{faena_id} | E90: detalle_faena | F90: Ficha de la faena: mandante, branding, coordenadas y plataformas.
A91: Faenas | B91: routers/faenas.py | C91: GET | D91: /api/v1/faenas/{faena_id}/plataformas | E91: plataformas | F91: Plataformas del mandante en la faena, con el acceso de la empresa.
A92: Faenas | B92: routers/faenas.py | C92: PATCH | D92: /api/v1/faenas/{faena_id}/plataformas/{pid}/acceso | E92: editar_acceso | F92: Registra el estado de acceso de la empresa a una plataforma del mandante.
A93: Integraciones | B93: routers/integraciones.py | C93: GET | D93: /api/v1/integraciones | E93: listar | F93: Integraciones de la empresa con su estado y el volumen sincronizado.
A94: Integraciones | B94: routers/integraciones.py | C94: POST | D94: /api/v1/integraciones | E94: crear | F94: Conecta una integración. El secreto NO se guarda en la base.
... A105: Personal y equipos | B105: routers/sujetos.py | C105: POST | D105: /api/v1/equipos | E105: crear_equipo | F105: Da de alta un equipo o vehículo e instancia su checklist.
A106: Personal y equipos | B106: routers/sujetos.py | C106: DELETE | D106: /api/v1/equipos/{sid} | E106: eliminar_equipo
A107: Personal y equipos | B107: routers/sujetos.py | C107: GET | D107: /api/v1/equipos/{sid} | E107: detalle_equipo
A108: Personal y equipos | B108: routers/sujetos.py | C108: PATCH | D108: /api/v1/equipos/{sid} | E108: editar_equipo
A109: Personal y equipos | B109: routers/sujetos.py | C109: POST | D109: /api/v1/equipos/{sid}/baja | E109: baja_equipo
A110: Personal y equipos | B110: routers/sujetos.py | C110: GET | D110: /api/v1/equipos/{sid}/documentos | E110: docs_equipo | F110: Checklist del equipo (el detalle del sujeto ya lo embebe).
A111: Personal y equipos | B111: routers/sujetos.py | C111: GET | D111: /api/v1/personal | E111: listar_personal | F111: Dotación de personal de la empresa.
A112: Personal y equipos | B112: routers/sujetos.py | C112: POST | D112: /api/v1/personal | E112: crear_trabajador | F112: Da de alta un trabajador e instancia su checklist.
A113: Personal y equipos | B113: routers/sujetos.py | C113: DELETE | D113: /api/v1/personal/{sid} | E113: eliminar_trabajador
A114: Personal y equipos | B114: routers/sujetos.py | C114: GET | D114: /api/v1/personal/{sid} | E114: detalle_trabajador
A115: Personal y equipos | B115: routers/sujetos.py | C115: PATCH | D115: /api/v1/personal/{sid} | E115: editar_trabajador | F115: Edita al trabajador y recalcula el expediente EMSIPOR si el cargo cambió.
A116: Personal y equipos | B116: routers/sujetos.py | C116: POST | D116: /api/v1/personal/{sid}/baja | E116: baja_trabajador
A117: Personal y equipos | B117: routers/sujetos.py | C117: GET | D117: /api/v1/personal/{sid}/documentos | E117: docs_trabajador | F117: Checklist del trabajador (el detalle del sujeto ya lo embebe).
A118: Personas y flota | B118: routers/personas.py | C118: GET | D118: /api/v1/flota | E118: listar_flota | F118: Equipos de la empresa agrupados por patente.
A119: Personas y flota | B119: routers/personas.py | C119: GET | D119: /api/v1/flota/{patente} | E119: ficha_equipo | F119: Ficha consolidada del equipo con todos los contratos en que opera.
A120: Personas y flota | B120: routers/personas.py | C120: GET | D120: /api/v1/personas | E120: listar_personas | F120: Personas de la empresa agrupadas por RUT, con su cumplimiento agregado.
A121: Personas y flota | B121: routers/personas.py | C121: GET | D121: /api/v1/personas/{rut} | E121: ficha_persona | F121: Ficha consolidada de la persona: todos sus registros y su licencia.
A122: Plataformas del mandante | B122: routers/plataformas.py | C122: GET | D122: /api/v1/contratos/{contrato_id}/plataformas | E122: listar_plataformas | F122: Plataformas efectivas del contrato, heredadas de la faena o propias.
A123: Plataformas del mandante | B123: routers/plataformas.py | C123: POST | D123: /api/v1/contratos/{contrato_id}/plataformas | E123: crear_plataforma | F123: Añade una plataforma manual al contrato, materializando antes la herencia.
A124: Plataformas del mandante | B124: routers/plataformas.py | C124: DELETE | D124: /api/v1/contratos/{contrato_id}/plataformas/{pid} | E124: eliminar_plataforma | F124: Elimina una plataforma manual del contrato y todo lo que cuelga de ella.
A125: Plataformas del mandante | B125: routers/plataformas.py | C125: PATCH | D125: /api/v1/contratos/{contrato_id}/plataformas/{pid} | E125: editar_plataforma | F125: Edita una plataforma del contrato.
A126: Plataformas del mandante | B126: routers/plataformas.py | C126: POST | D126: /api/v1/contratos/{contrato_id}/plataformas/{pid}/solicitar-acceso | E126: solicitar_acceso | F126: Marca la plataforma como solicitada y avisa por la integración si existe.
A127: Plataformas del mandante | B127: routers/plataformas.py | C127: GET | D127: /api/v1/contratos/{contrato_id}/plataformas/{pid}/usuarios | E127: listar_usuarios | F127: Cuentas de acceso de la plataforma, sin secretos.
A128: Plataformas del mandante | B128: routers/plataformas.py | C128: POST | D128: /api/v1/contratos/{contrato_id}/plataformas/{pid}/usuarios | E128: crear_usuario | F128: Guarda una cuenta de plataforma cifrando el secreto en un JWE.
... A162: Webhooks | B162: routers/webhooks.py | C162: POST | D162: /api/v1/webhooks/whatsapp | E162: whatsapp_entrante | F162: Recibe eventos de WhatsApp Business firmados por Meta.
