Workbook

Sheet Portada
B8: Casos de Prueba
B9: Suite automatizada del backend
B10: Acredittia
B12: Revisión: 1.0
B13: 30/10/2026
B15: Contenido del libro
B16: Resumen | D16: Casos y resultados por módulo
B17: Casos de prueba | D17: 206 casos con requisito, precondiciones, pasos y resultado esperado
B19: Ficha del documento
B20: Fecha | C20: Revisión | D20: Autor | E20: Modificación
B21: 30/10/2026 | C21: 1.0 | D21: Equipo Acredittia | E21: Creación del documento
B24: Escuela de Informática y Telecomunicaciones · Duoc UC

Sheet Resumen
A1: Casos de prueba — Acredittia (backend)
A2: Fuente: suite pytest de Backend_Acredita (app/backend/tests). Cada caso corresponde a una función de prueba automatizada.
A4: Módulo | B4: Casos | C4: Variantes ejecutadas | D4: Aprobados | E4: Fallidos | F4: Omitidos | G4: Pendientes
A5: Autenticación y cuentas | B5: =COUNTIF('Casos de prueba'!$B$2:$B$207,A5) -> 28 | C5: =SUMIF('Casos de prueba'!$B$2:$B$207,A5,'Casos de prueba'!$J$2:$J$207) -> 32 | D5: =COUNTIFS('Casos de prueba'!$B$2:$B$207,$A5,'Casos de prueba'!$N$2:$N$207,"Aprobado") -> 0 | E5: =COUNTIFS('Casos de prueba'!$B$2:$B$207,$A5,'Casos de prueba'!$N$2:$N$207,"Fallido") -> 0 | F5: =COUNTIFS('Casos de prueba'!$B$2:$B$207,$A5,'Casos de prueba'!$N$2:$N$207,"Omitido") -> 0 | G5: =COUNTIFS('Casos de prueba'!$B$2:$B$207,$A5,'Casos de prueba'!$N$2:$N$207,"Pendiente") -> 28
A6: Contratos y requisitos | B6: =COUNTIF('Casos de prueba'!$B$2:$B$207,A6) -> 28 | C6: =SUMIF('Casos de prueba'!$B$2:$B$207,A6,'Casos de prueba'!$J$2:$J$207) -> 32 | D6: =COUNTIFS('Casos de prueba'!$B$2:$B$207,$A6,'Casos de prueba'!$N$2:$N$207,"Aprobado") -> 0 | E6: =COUNTIFS('Casos de prueba'!$B$2:$B$207,$A6,'Casos de prueba'!$N$2:$N$207,"Fallido") -> 0 | F6: =COUNTIFS('Casos de prueba'!$B$2:$B$207,$A6,'Casos de prueba'!$N$2:$N$207,"Omitido") -> 0 | G6: =COUNTIFS('Casos de prueba'!$B$2:$B$207,$A6,'Casos de prueba'!$N$2:$N$207,"Pendiente") -> 28
A7: Gestión documental e IA | B7: =COUNTIF('Casos de prueba'!$B$2:$B$207,A7) -> 25 | C7: =SUMIF('Casos de prueba'!$B$2:$B$207,A7,'Casos de prueba'!$J$2:$J$207) -> 29 | D7: =COUNTIFS('Casos de prueba'!$B$2:$B$207,$A7,'Casos de prueba'!$N$2:$N$207,"Aprobado") -> 0 | E7: =COUNTIFS('Casos de prueba'!$B$2:$B$207,$A7,'Casos de prueba'!$N$2:$N$207,"Fallido") -> 0 | F7: =COUNTIFS('Casos de prueba'!$B$2:$B$207,$A7,'Casos de prueba'!$N$2:$N$207,"Omitido") -> 0 | G7: =COUNTIFS('Casos de prueba'!$B$2:$B$207,$A7,'Casos de prueba'!$N$2:$N$207,"Pendiente") -> 25
A8: Esquema de base de datos | B8: =COUNTIF('Casos de prueba'!$B$2:$B$207,A8) -> 9 | C8: =SUMIF('Casos de prueba'!$B$2:$B$207,A8,'Casos de prueba'!$J$2:$J$207) -> 9 | D8: =COUNTIFS('Casos de prueba'!$B$2:$B$207,$A8,'Casos de prueba'!$N$2:$N$207,"Aprobado") -> 0 | E8: =COUNTIFS('Casos de prueba'!$B$2:$B$207,$A8,'Casos de prueba'!$N$2:$N$207,"Fallido") -> 0 | F8: =COUNTIFS('Casos de prueba'!$B$2:$B$207,$A8,'Casos de prueba'!$N$2:$N$207,"Omitido") -> 0 | G8: =COUNTIFS('Casos de prueba'!$B$2:$B$207,$A8,'Casos de prueba'!$N$2:$N$207,"Pendiente") -> 9
A9: Alertas, dashboard y calendario | B9: =COUNTIF('Casos de prueba'!$B$2:$B$207,A9) -> 37 | C9: =SUMIF('Casos de prueba'!$B$2:$B$207,A9,'Casos de prueba'!$J$2:$J$207) -> 47 | D9: =COUNTIFS('Casos de prueba'!$B$2:$B$207,$A9,'Casos de prueba'!$N$2:$N$207,"Aprobado") -> 0 | E9: =COUNTIFS('Casos de prueba'!$B$2:$B$207,$A9,'Casos de prueba'!$N$2:$N$207,"Fallido") -> 0 | F9: =COUNTIFS('Casos de prueba'!$B$2:$B$207,$A9,'Casos de prueba'!$N$2:$N$207,"Omitido") -> 0 | G9: =COUNTIFS('Casos de prueba'!$B$2:$B$207,$A9,'Casos de prueba'!$N$2:$N$207,"Pendiente") -> 37
A10: Reportes y exportaciones | B10: =COUNTIF('Casos de prueba'!$B$2:$B$207,A10) -> 18 | C10: =SUMIF('Casos de prueba'!$B$2:$B$207,A10,'Casos de prueba'!$J$2:$J$207) -> 30 | D10: =COUNTIFS('Casos de prueba'!$B$2:$B$207,$A10,'Casos de prueba'!$N$2:$N$207,"Aprobado") -> 0 | E10: =COUNTIFS('Casos de prueba'!$B$2:$B$207,$A10,'Casos de prueba'!$N$2:$N$207,"Fallido") -> 0 | F10: =COUNTIFS('Casos de prueba'!$B$2:$B$207,$A10,'Casos de prueba'!$N$2:$N$207,"Omitido") -> 0 | G10: =COUNTIFS('Casos de prueba'!$B$2:$B$207,$A10,'Casos de prueba'!$N$2:$N$207,"Pendiente") -> 18
A11: Personal, equipos y EMSIPOR | B11: =COUNTIF('Casos de prueba'!$B$2:$B$207,A11) -> 27 | C11: =SUMIF('Casos de prueba'!$B$2:$B$207,A11,'Casos de prueba'!$J$2:$J$207) -> 28 | D11: =COUNTIFS('Casos de prueba'!$B$2:$B$207,$A11,'Casos de prueba'!$N$2:$N$207,"Aprobado") -> 0 | E11: =COUNTIFS('Casos de prueba'!$B$2:$B$207,$A11,'Casos de prueba'!$N$2:$N$207,"Fallido") -> 0 | F11: =COUNTIFS('Casos de prueba'!$B$2:$B$207,$A11,'Casos de prueba'!$N$2:$N$207,"Omitido") -> 0 | G11: =COUNTIFS('Casos de prueba'!$B$2:$B$207,$A11,'Casos de prueba'!$N$2:$N$207,"Pendiente") -> 27
A12: Aislamiento multi-tenant | B12: =COUNTIF('Casos de prueba'!$B$2:$B$207,A12) -> 14 | C12: =SUMIF('Casos de prueba'!$B$2:$B$207,A12,'Casos de prueba'!$J$2:$J$207) -> 14 | D12: =COUNTIFS('Casos de prueba'!$B$2:$B$207,$A12,'Casos de prueba'!$N$2:$N$207,"Aprobado") -> 0 | E12: =COUNTIFS('Casos de prueba'!$B$2:$B$207,$A12,'Casos de prueba'!$N$2:$N$207,"Fallido") -> 0 | F12: =COUNTIFS('Casos de prueba'!$B$2:$B$207,$A12,'Casos de prueba'!$N$2:$N$207,"Omitido") -> 0 | G12: =COUNTIFS('Casos de prueba'!$B$2:$B$207,$A12,'Casos de prueba'!$N$2:$N$207,"Pendiente") -> 14
A13: Bóveda de credenciales JWE | B13: =COUNTIF('Casos de prueba'!$B$2:$B$207,A13) -> 20 | C13: =SUMIF('Casos de prueba'!$B$2:$B$207,A13,'Casos de prueba'!$J$2:$J$207) -> 20 | D13: =COUNTIFS('Casos de prueba'!$B$2:$B$207,$A13,'Casos de prueba'!$N$2:$N$207,"Aprobado") -> 0 | E13: =COUNTIFS('Casos de prueba'!$B$2:$B$207,$A13,'Casos de prueba'!$N$2:$N$207,"Fallido") -> 0 | F13: =COUNTIFS('Casos de prueba'!$B$2:$B$207,$A13,'Casos de prueba'!$N$2:$N$207,"Omitido") -> 0 | G13: =COUNTIFS('Casos de prueba'!$B$2:$B$207,$A13,'Casos de prueba'!$N$2:$N$207,"Pendiente") -> 20
A14: Total | B14: =SUM(B5:B13) -> 206 | C14: =SUM(C5:C13) -> 241 | D14: =SUM(D5:D13) -> 0 | E14: =SUM(E5:E13) -> 0 | F14: =SUM(F5:F13) -> 0 | G14: =SUM(G5:G13) -> 206
A16: Tasa de aprobación | B16: =IF(B14-G14=0,"-",D14/(B14-G14)) -> -
A18: Columnas 'Resultado obtenido' y 'Estado': se completan con la ejecución de la suite (ver Resultados de pruebas).

Sheet Casos de prueba
A1: ID | B1: Módulo | C1: Requisito | D1: Tipo | E1: Caso de prueba | F1: Objetivo | G1: Precondiciones | H1: Pasos (endpoints) | I1: Resultado esperado | J1: Variantes | K1: Verificaciones | L1: Ubicación en el código | M1: Resultado obtenido | N1: Estado
A2: CP-AUT-01 | B2: Autenticación y cuentas | C2: RF-01 | D2: Integración (API) | E2: Registro queda pendiente | G2: API levantada sobre PostgreSQL 16 | H2: POST /api/v1/auth/register · POST /api/v1/auth/login | I2: Registro queda pendiente. HTTP 201, 403 ; código de error ACCOUNT_PENDING. | J2: 1 | K2: 5 | L2: tests/test_auth.py::test_registro_queda_pendiente | N2: Pendiente
A3: CP-AUT-02 | B3: Autenticación y cuentas | C3: RF-01 | D3: Integración (API) | E3: Registro email y rut duplicados | G3: API levantada sobre PostgreSQL 16; Empresa A registrada, aprobada y autenticada | H3: POST /api/v1/auth/register | I3: Registro email y rut duplicados. HTTP 409 ; código de error EMAIL_EN_USO, RUT_EN_USO. | J3: 1 | K3: 4 | L3: tests/test_auth.py::test_registro_email_y_rut_duplicados | N3: Pendiente
A4: CP-AUT-03 | B4: Autenticación y cuentas | C4: RF-01 | D4: Integración (API) | E4: Registro rut invalido | G4: API levantada sobre PostgreSQL 16 | H4: POST /api/v1/auth/register | I4: Registro rut invalido. HTTP 422 ; código de error RUT_INVALIDO. | J4: 1 | K4: 2 | L4: tests/test_auth.py::test_registro_rut_invalido | N4: Pendiente
A5: CP-AUT-04 | B5: Autenticación y cuentas | C5: RF-01 | D5: Integración (API) | E5: Registro rechaza password debil | G5: API levantada sobre PostgreSQL 16 | H5: POST /api/v1/auth/register | I5: Registro rechaza password debil. HTTP 422 ; código de error PASSWORD_DEBIL. | J5: 3 | K5: 2 | L5: tests/test_auth.py::test_registro_rechaza_password_debil | N5: Pendiente
A6: CP-AUT-05 | B6: Autenticación y cuentas | C6: RF-03 | D6: Integración (API) | E6: Login y me | G6: API levantada sobre PostgreSQL 16; Empresa A registrada, aprobada y autenticada | H6: GET /api/v1/auth/me | I6: Login y me. HTTP 200. | J6: 1 | K6: 7 | L6: tests/test_auth.py::test_login_y_me | N6: Pendiente
A7: CP-AUT-06 | B7: Autenticación y cuentas | C7: RF-03 | D7: Integración (API) | E7: Me sin token | G7: API levantada sobre PostgreSQL 16 | H7: GET /api/v1/auth/me | I7: Me sin token. HTTP 401 ; código de error TOKEN_AUSENTE, TOKEN_INVALIDO. | J7: 1 | K7: 4 | L7: tests/test_auth.py::test_me_sin_token | N7: Pendiente
A8: CP-AUT-07 | B8: Autenticación y cuentas | C8: RF-03 | D8: Integración (API) | E8: Login credenciales invalidas | G8: API levantada sobre PostgreSQL 16; Empresa A registrada, aprobada y autenticada | H8: POST /api/v1/auth/login | I8: Login credenciales invalidas. HTTP 401 ; código de error CREDENCIALES_INVALIDAS. | J8: 1 | K8: 2 | L8: tests/test_auth.py::test_login_credenciales_invalidas | N8: Pendiente
A9: CP-AUT-08 | B9: Autenticación y cuentas | C9: RF-04 | D9: Integración (API) | E9: Login usuario desactivado | F9: `activo=False` no es lo mismo que rechazado: 403 CUENTA_DESACTIVADA. | G9: API levantada sobre PostgreSQL 16; Empresa A registrada, aprobada y autenticada | H9: POST /api/v1/auth/login · GET /api/v1/auth/me | I9: Login usuario desactivado. HTTP 403, 401 ; código de error CUENTA_DESACTIVADA. | J9: 1 | K9: 3 | L9: tests/test_auth.py::test_login_usuario_desactivado | N9: Pendiente
A10: CP-AUT-09 | B10: Autenticación y cuentas | C10: RF-02 | D10: Integración (API) | E10: Login rechazado | G10: API levantada sobre PostgreSQL 16; Usuario administrador de la plataforma | H10: POST /api/v1/auth/register · POST /api/v1/admin/companies/{id}/reject · POST /api/v1/auth/login | I10: Login rechazado. HTTP 200, 403 ; código de error ACCOUNT_REJECTED. | J10: 1 | K10: 3 | L10: tests/test_auth.py::test_login_rechazado | N10: Pendiente
A11: CP-AUT-10 | B11: Autenticación y cuentas | C11: RF-03 | D11: Integración (API) | E11: Refresh rota el token | G11: API levantada sobre PostgreSQL 16; Empresa A registrada, aprobada y autenticada | H11: POST /api/v1/auth/refresh · GET /api/v1/auth/me | I11: Refresh rota el token. HTTP 200, 401 ; código de error REFRESH_INVALIDO. | J11: 1 | K11: 6 | L11: tests/test_auth.py::test_refresh_rota_el_token | N11: Pendiente
A12: CP-AUT-11 | B12: Autenticación y cuentas | C12: RF-04 | D12: Integración (API) | E12: Refresh de usuario desactivado | G12: API levantada sobre PostgreSQL 16; Empresa A registrada, aprobada y autenticada | H12: POST /api/v1/auth/refresh | I12: Refresh de usuario desactivado. HTTP 401 ; código de error REFRESH_INVALIDO. | J12: 1 | K12: 2 | L12: tests/test_auth.py::test_refresh_de_usuario_desactivado | N12: Pendiente
A13: CP-AUT-12 | B13: Autenticación y cuentas | C13: RF-03 | D13: Integración (API) | E13: Logout revoca el refresh | G13: API levantada sobre PostgreSQL 16; Empresa A registrada, aprobada y autenticada | H13: POST /api/v1/auth/logout · POST /api/v1/auth/refresh | I13: Logout revoca el refresh. HTTP 200, 401. | J13: 1 | K13: 2 | L13: tests/test_auth.py::test_logout_revoca_el_refresh | N13: Pendiente
A14: CP-AUT-13 | B14: Autenticación y cuentas | C14: RF-03 | D14: Integración (API) | E14: Forgot es opaco | G14: API levantada sobre PostgreSQL 16; Empresa A registrada, aprobada y autenticada | H14: POST /api/v1/auth/password/forgot | I14: Forgot es opaco. HTTP 200. | J14: 1 | K14: 3 | L14: tests/test_auth.py::test_forgot_es_opaco | N14: Pendiente
A15: CP-AUT-14 | B15: Autenticación y cuentas | C15: RF-03 | D15: Integración (API) | E15: Forgot invalida el token anterior | G15: API levantada sobre PostgreSQL 16; Empresa A registrada, aprobada y autenticada | H15: POST /api/v1/auth/password/forgot · POST /api/v1/auth/password/reset | I15: Forgot invalida el token anterior. HTTP 400, 200 ; código de error TOKEN_INVALIDO. | J15: 1 | K15: 4 | L15: tests/test_auth.py::test_forgot_invalida_el_token_anterior | N15: Pendiente
A16: CP-AUT-15 | B16: Autenticación y cuentas | C16: RF-03 / RNF-03 | D16: Integración (API) | E16: Reset cambia la clave y revoca sesiones | G16: API levantada sobre PostgreSQL 16; Empresa A registrada, aprobada y autenticada | H16: POST /api/v1/auth/password/forgot · POST /api/v1/auth/password/reset · POST /api/v1/auth/login · POST /api/v1/auth/refresh | I16: Reset cambia la clave y revoca sesiones. HTTP 200, 401, 400. | J16: 1 | K16: 6 | L16: tests/test_auth.py::test_reset_cambia_la_clave_y_revoca_sesiones | N16: Pendiente
A17: CP-AUT-16 | B17: Autenticación y cuentas | C17: RF-03 / RNF-03 | D17: Integración (API) | E17: Reset aplica politica de password | G17: API levantada sobre PostgreSQL 16; Empresa A registrada, aprobada y autenticada | H17: POST /api/v1/auth/password/forgot · POST /api/v1/auth/password/reset | I17: Reset aplica politica de password. HTTP 400 ; código de error PASSWORD_DEBIL. | J17: 3 | K17: 2 | L17: tests/test_auth.py::test_reset_aplica_politica_de_password | N17: Pendiente
A18: CP-AUT-17 | B18: Autenticación y cuentas | C18: RF-03 / RNF-03 | D18: Integración (API) | E18: Reset con token inexistente | G18: API levantada sobre PostgreSQL 16 | H18: POST /api/v1/auth/password/reset | I18: Reset con token inexistente. HTTP 400 ; código de error TOKEN_INVALIDO. | J18: 1 | K18: 2 | L18: tests/test_auth.py::test_reset_con_token_inexistente | N18: Pendiente
A19: CP-AUT-18 | B19: Autenticación y cuentas | C19: RF-03 | D19: Integración (API) | E19: Patch me cuerpo vacio | G19: API levantada sobre PostgreSQL 16; Empresa A registrada, aprobada y autenticada | H19: PATCH /api/v1/auth/me | I19: Patch me cuerpo vacio. HTTP 400 ; código de error SIN_CAMBIOS. | J19: 1 | K19: 2 | L19: tests/test_auth.py::test_patch_me_cuerpo_vacio | N19: Pendiente
A20: CP-AUT-19 | B20: Autenticación y cuentas | C20: RF-03 | D20: Integración (API) | E20: Patch me nombre y email | G20: API levantada sobre PostgreSQL 16; Empresa A registrada, aprobada y autenticada | H20: PATCH /api/v1/auth/me · POST /api/v1/auth/login | I20: Patch me nombre y email. HTTP 200. | J20: 1 | K20: 5 | L20: tests/test_auth.py::test_patch_me_nombre_y_email | N20: Pendiente
A21: CP-AUT-20 | B21: Autenticación y cuentas | C21: RF-03 | D21: Integración (API) | E21: Patch me email en uso | F21: El email es único a nivel de plataforma, aunque RLS oculte al otro usuario. | G21: API levantada sobre PostgreSQL 16; Empresa A registrada, aprobada y autenticada; Empresa B registrada, aprobada y autenticada | H21: PATCH /api/v1/auth/me | I21: Patch me email en uso. HTTP 409 ; código de error EMAIL_EN_USO. | J21: 1 | K21: 2 | L21: tests/test_auth.py::test_patch_me_email_en_uso | N21: Pendiente
A22: CP-AUT-21 | B22: Autenticación y cuentas | C22: RF-03 / RNF-03 | D22: Integración (API) | E22: Patch me password exige la actual | G22: API levantada sobre PostgreSQL 16; Empresa A registrada, aprobada y autenticada | H22: PATCH /api/v1/auth/me | I22: Patch me password exige la actual. HTTP 401, 400 ; código de error PASSWORD_ACTUAL_REQUERIDA, PASSWORD_ACTUAL_INVALIDA, PASSWORD_DEBIL. | J22: 1 | K22: 6 | L22: tests/test_auth.py::test_patch_me_password_exige_la_actual | N22: Pendiente
A23: CP-AUT-22 | B23: Autenticación y cuentas | C23: RF-03 / RNF-03 | D23: Integración (API) | E23: Patch me password conserva la sesion indicada | F23: Enviar el refresh de la sesión en curso evita que se cierre. | G23: API levantada sobre PostgreSQL 16; Empresa A registrada, aprobada y autenticada | H23: PATCH /api/v1/auth/me · POST /api/v1/auth/refresh | I23: Patch me password conserva la sesion indicada. HTTP 200. | J23: 1 | K23: 3 | L23: tests/test_auth.py::test_patch_me_password_conserva_la_sesion_indicada | N23: Pendiente
A24: CP-AUT-23 | B24: Autenticación y cuentas | C24: RF-03 / RNF-03 | D24: Integración (API) | E24: Patch me password cierra las demas sesiones | G24: API levantada sobre PostgreSQL 16; Empresa A registrada, aprobada y autenticada | H24: POST /api/v1/auth/login · PATCH /api/v1/auth/me · POST /api/v1/auth/refresh | I24: Patch me password cierra las demas sesiones. HTTP 200, 401. | J24: 1 | K24: 4 | L24: tests/test_auth.py::test_patch_me_password_cierra_las_demas_sesiones | N24: Pendiente
A25: CP-AUT-24 | B25: Autenticación y cuentas | C25: RF-02 | D25: Integración (API) | E25: Company no puede usar endpoints de admin | G25: API levantada sobre PostgreSQL 16; Empresa A registrada, aprobada y autenticada | H25: GET /api/v1/admin/companies | I25: Company no puede usar endpoints de admin. HTTP 403 ; código de error SOLO_ADMIN. | J25: 1 | K25: 2 | L25: tests/test_auth.py::test_company_no_puede_usar_endpoints_de_admin | N25: Pendiente
A26: CP-AUT-25 | B26: Autenticación y cuentas | C26: RF-02 | D26: Integración (API) | E26: Admin necesita company id para datos de empresa | G26: API levantada sobre PostgreSQL 16; Usuario administrador de la plataforma | H26: GET /api/v1/contratos | I26: Admin necesita company id para datos de empresa. HTTP 400 ; código de error COMPANY_ID_REQUERIDO, COMPANY_ID_INVALIDO. | J26: 1 | K26: 4 | L26: tests/test_auth.py::test_admin_necesita_company_id_para_datos_de_empresa | N26: Pendiente
A27: CP-AUT-26 | B27: Autenticación y cuentas | C27: RF-02 | D27: Integración (API) | E27: Admin impersona con x company id | G27: API levantada sobre PostgreSQL 16; Usuario administrador de la plataforma; Empresa A registrada, aprobada y autenticada; Contrato de la empresa A en Los Pelambres | H27: GET /api/v1/contratos | I27: Admin impersona con x company id. HTTP 200. | J27: 1 | K27: 2 | L27: tests/test_auth.py::test_admin_impersona_con_x_company_id | N27: Pendiente
A28: CP-AUT-27 | B28: Autenticación y cuentas | C28: RF-02 | D28: Integración (API) | E28: Contract admin no muta datos de empresa | F28: `require_company` excluye al contract_admin de las mutaciones de empresa. | G28: API levantada sobre PostgreSQL 16; Empresa A registrada, aprobada y autenticada; Contrato de la empresa A en Los Pelambres | H28: GET /api/v1/auth/me · POST /api/v1/company/usuarios | I28: Contract admin no muta datos de empresa. HTTP 200, 403 ; código de error ROL_INSUFICIENTE. | J28: 1 | K28: 6 | L28: tests/test_auth.py::test_contract_admin_no_muta_datos_de_empresa | N28: Pendiente
A29: CP-AUT-28 | B29: Autenticación y cuentas | C29: RF-04 | D29: Integración (API) | E29: Invitar usuario valida el rol | G29: API levantada sobre PostgreSQL 16; Empresa A registrada, aprobada y autenticada; Contrato de la empresa A en Los Pelambres | H29: POST /api/v1/company/usuarios | I29: Invitar usuario valida el rol. HTTP 400 ; código de error CONTRATO_REQUERIDO, CONTRATO_NO_APLICA, ROL_INVALIDO. | J29: 1 | K29: 6 | L29: tests/test_auth.py::test_invitar_usuario_valida_el_rol | N29: Pendiente
A30: CP-CON-01 | B30: Contratos y requisitos | C30: RF-06 / RN-04 | D30: Integración (API) | E30: Alta instancia el checklist de empresa | G30: API levantada sobre PostgreSQL 16; Empresa A registrada, aprobada y autenticada; Faena Los Pelambres en el catálogo | H30: POST /api/v1/contratos · GET /api/v1/contratos/{id}/documentos?page_size=100 | I30: Alta instancia el checklist de empresa. HTTP 201. | J30: 1 | K30: 6 | L30: tests/test_contratos.py::test_alta_instancia_el_checklist_de_empresa | N30: Pendiente
A31: CP-CON-02 | B31: Contratos y requisitos | C31: RF-06 | D31: Integración (API) | E31: Listado valida el estado | G31: API levantada sobre PostgreSQL 16; Empresa A registrada, aprobada y autenticada; Contrato de la empresa A en Los Pelambres | H31: GET /api/v1/contratos?estado=inventado | I31: Listado valida el estado. HTTP 400 ; código de error ESTADO_INVALIDO. | J31: 1 | K31: 2 | L31: tests/test_contratos.py::test_listado_valida_el_estado | N31: Pendiente
A32: CP-CON-03 | B32: Contratos y requisitos | C32: RF-06 | D32: Integración (API) | E32: Ia review de otra empresa no se puede referenciar | G32: API levantada sobre PostgreSQL 16; Empresa A registrada, aprobada y autenticada; Faena Los Pelambres en el catálogo | H32: POST /api/v1/contratos | I32: Ia review de otra empresa no se puede referenciar. HTTP 404. | J32: 1 | K32: 1 | L32: tests/test_contratos.py::test_ia_review_de_otra_empresa_no_se_puede_referenciar | N32: Pendiente
A33: CP-CON-04 | B33: Contratos y requisitos | C33: RF-06 | D33: Integración (API) | E33: Borrar el contrato purga sujetos y archivos | G33: API levantada sobre PostgreSQL 16; Empresa A registrada, aprobada y autenticada; Contrato de la empresa A en Los Pelambres | H33: POST /api/v1/personal · GET /api/v1/contratos/{id}/documentos · DELETE /api/v1/contratos/{id} · DELETE /api/v1/contratos/{id}?confirm=true … | I33: Borrar el contrato purga sujetos y archivos. HTTP 400, 200, 404. | J33: 1 | K33: 5 | L33: tests/test_contratos.py::test_borrar_el_contrato_purga_sujetos_y_archivos | N33: Pendiente
A34: CP-CON-05 | B34: Contratos y requisitos | C34: RF-07 | D34: Integración (API) | E34: Contrato nuevo hereda las plataformas de la faena | G34: API levantada sobre PostgreSQL 16; Empresa A registrada, aprobada y autenticada; Contrato de la empresa A en Los Pelambres | H34: GET /api/v1/contratos/{id}/plataformas | I34: Contrato nuevo hereda las plataformas de la faena. HTTP 200. | J34: 1 | K34: 7 | L34: tests/test_contratos.py::test_contrato_nuevo_hereda_las_plataformas_de_la_faena | N34: Pendiente
A35: CP-CON-06 | B35: Contratos y requisitos | C35: RF-07 | D35: Integración (API) | E35: La primera manual materializa las heredadas | F35: El riesgo real: insertar la primera fila propia no debe borrar la herencia. | G35: API levantada sobre PostgreSQL 16; Empresa A registrada, aprobada y autenticada; Contrato de la empresa A en Los Pelambres | H35: POST /api/v1/contratos/{id}/plataformas · GET /api/v1/contratos/{id}/plataformas | I35: La primera manual materializa las heredadas. HTTP 201. | J35: 1 | K35: 9 | L35: tests/test_contratos.py::test_la_primera_manual_materializa_las_heredadas | N35: Pendiente
A36: CP-CON-07 | B36: Contratos y requisitos | C36: RF-07 | D36: Integración (API) | E36: Nombre duplicado de plataforma | F36: El choque se detecta contra la lista EFECTIVA, incluidas las heredadas. | G36: API levantada sobre PostgreSQL 16; Empresa A registrada, aprobada y autenticada; Contrato de la empresa A en Los Pelambres | H36: POST /api/v1/contratos/{id}/plataformas | I36: Nombre duplicado de plataforma. HTTP 409 ; código de error PLATAFORMA_DUPLICADA. | J36: 1 | K36: 2 | L36: tests/test_contratos.py::test_nombre_duplicado_de_plataforma | N36: Pendiente
A37: CP-CON-08 | B37: Contratos y requisitos | C37: RF-07 | D37: Integración (API) | E37: No se borra una plataforma heredada | F37: Una plataforma del mandante no desaparece: se pone en `sin_acceso`. | G37: API levantada sobre PostgreSQL 16; Empresa A registrada, aprobada y autenticada; Contrato de la empresa A en Los Pelambres | H37: GET /api/v1/contratos/{id}/plataformas · DELETE /api/v1/contratos/{id}/plataformas/{id}?confirm=true · POST /api/v1/contratos/{id}/plataformas · DELETE /api/v1/contratos/{id}/plataformas/{id} | I37: No se borra una plataforma heredada. HTTP 409 ; código de error PLATAFORMA_HEREDADA. | J37: 1 | K37: 4 | L37: tests/test_contratos.py::test_no_se_borra_una_plataforma_heredada | N37: Pendiente
A38: CP-CON-09 | B38: Contratos y requisitos | C38: RF-07 | D38: Integración (API) | E38: Se borra una plataforma manual con confirmacion | G38: API levantada sobre PostgreSQL 16; Empresa A registrada, aprobada y autenticada; Contrato de la empresa A en Los Pelambres | H38: POST /api/v1/contratos/{id}/plataformas · DELETE /api/v1/contratos/{id}/plataformas/{id} · DELETE /api/v1/contratos/{id}/plataformas/{id}?confirm=true · GET /api/v1/contratos/{id}/plataformas | I38: Se borra una plataforma manual con confirmacion. HTTP 400, 200 ; código de error REQUIERE_CONFIRMACION. | J38: 1 | K38: 7 | L38: tests/test_contratos.py::test_se_borra_una_plataforma_manual_con_confirmacion | N38: Pendiente
A39: CP-CON-10 | B39: Contratos y requisitos | C39: RF-06 | D39: Integración (API) | E39: Solicitar acceso fija las marcas que exige el check | F39: `estado='solicitada'` exige `solicitado_at` (CHECK ck_cplat_solicitud). | G39: API levantada sobre PostgreSQL 16; Empresa A registrada, aprobada y autenticada; Contrato de la empresa A en Los Pelambres | H39: GET /api/v1/contratos/{id}/plataformas · POST /api/v1/contratos/{id}/plataformas/ · PATCH /api/v1/contratos/{id}/plataformas/{id} · POST /api/v1/contratos/{id}/plataformas/{id} | I39: Solicitar acceso fija las marcas que exige el check. HTTP 200, 409 ; código de error PLATAFORMA_ACTIVA. | J39: 1 | K39: 9 | L39: tests/test_contratos.py::test_solicitar_acceso_fija_las_marcas_que_exige_el_check | N39: Pendiente
A40: CP-CON-11 | B40: Contratos y requisitos | C40: RF-07 | D40: Integración (API) | E40: Los vinculos incluyen plataformas y los fijos | G40: API levantada sobre PostgreSQL 16; Empresa A registrada, aprobada y autenticada; Contrato de la empresa A en Los Pelambres | H40: GET /api/v1/contratos/{id}/vinculos | I40: Los vinculos incluyen plataformas y los fijos. HTTP 200. | J40: 1 | K40: 4 | L40: tests/test_contratos.py::test_los_vinculos_incluyen_plataformas_y_los_fijos | N40: Pendiente
A41: CP-CON-12 | B41: Contratos y requisitos | C41: RF-06 | D41: Integración (API) | E41: El listado mezcla base proyectados y personalizados | G41: API levantada sobre PostgreSQL 16; Empresa A registrada, aprobada y autenticada; Contrato de la empresa A en Los Pelambres | H41: GET /api/v1/contratos/{id}/requisitos · POST /api/v1/contratos/{id}/requisitos | I41: El listado mezcla base proyectados y personalizados. HTTP 200. | J41: 1 | K41: 7 | L41: tests/test_contratos.py::test_el_listado_mezcla_base_proyectados_y_personalizados | N41: Pendiente
A42: CP-CON-13 | B42: Contratos y requisitos | C42: RF-09 / RN-06 | D42: Integración (API) | E42: Requisito duplicado por titulo sin distinguir mayusculas | F42: El índice único usa `lower(titulo)` con NULLS NOT DISTINCT. | G42: API levantada sobre PostgreSQL 16; Empresa A registrada, aprobada y autenticada; Contrato de la empresa A en Los Pelambres | H42: POST /api/v1/contratos/{id}/requisitos | I42: Requisito duplicado por titulo sin distinguir mayusculas. HTTP 201, 409 ; código de error REQUISITO_DUPLICADO. | J42: 1 | K42: 4 | L42: tests/test_contratos.py::test_requisito_duplicado_por_titulo_sin_distinguir_mayusculas | N42: Pendiente
A43: CP-CON-14 | B43: Contratos y requisitos | C43: RF-06 | D43: Integración (API) | E43: Bulk omite los duplicados en vez de fallar | F43: La confirmación de la Carpeta de Arranque repropone lo que ya existe. | G43: API levantada sobre PostgreSQL 16; Empresa A registrada, aprobada y autenticada; Contrato de la empresa A en Los Pelambres | H43: POST /api/v1/contratos/{id}/requisitos | I43: Bulk omite los duplicados en vez de fallar. HTTP 201. | J43: 1 | K43: 3 | L43: tests/test_contratos.py::test_bulk_omite_los_duplicados_en_vez_de_fallar | N43: Pendiente
A44: CP-CON-15 | B44: Contratos y requisitos | C44: RF-06 | D44: Integración (API) | E44: Cargo id solo aplica a ambito personal | G44: API levantada sobre PostgreSQL 16; Empresa A registrada, aprobada y autenticada; Contrato de la empresa A en Los Pelambres | H44: POST /api/v1/cargos · POST /api/v1/contratos/{id}/requisitos | I44: Cargo id solo aplica a ambito personal. HTTP 400, 201 ; código de error CARGO_FUERA_DE_AMBITO. | J44: 1 | K44: 4 | L44: tests/test_contratos.py::test_cargo_id_solo_aplica_a_ambito_personal | N44: Pendiente
A45: CP-CON-16 | B45: Contratos y requisitos | C45: RF-07 | D45: Integración (API) | E45: Vinculo de plataforma exige la referencia | G45: API levantada sobre PostgreSQL 16; Empresa A registrada, aprobada y autenticada; Contrato de la empresa A en Los Pelambres | H45: POST /api/v1/contratos/{id}/requisitos · GET /api/v1/contratos/{id}/plataformas | I45: Vinculo de plataforma exige la referencia. HTTP 400, 201 ; código de error VINCULO_INVALIDO. | J45: 1 | K45: 5 | L45: tests/test_contratos.py::test_vinculo_de_plataforma_exige_la_referencia | N45: Pendiente
A46: CP-CON-17 | B46: Contratos y requisitos | C46: RF-09 / RN-06 | D46: Integración (API) | E46: Un requisito base no se edita | G46: API levantada sobre PostgreSQL 16; Empresa A registrada, aprobada y autenticada; Contrato de la empresa A en Los Pelambres; Requisito base del checklist | H46: PATCH /api/v1/contratos/{id}/requisitos/{id} | I46: Un requisito base no se edita. HTTP 403 ; código de error REQUISITO_BASE. | J46: 1 | K46: 2 | L46: tests/test_contratos.py::test_un_requisito_base_no_se_edita | N46: Pendiente
A47: CP-CON-18 | B47: Contratos y requisitos | C47: RF-09 / RN-06 | D47: Integración (API) | E47: Un requisito base no se borra | G47: API levantada sobre PostgreSQL 16; Empresa A registrada, aprobada y autenticada; Contrato de la empresa A en Los Pelambres; Requisito base del checklist | H47: DELETE /api/v1/contratos/{id}/requisitos/{id} | I47: Un requisito base no se borra. HTTP 403 ; código de error REQUISITO_BASE. | J47: 1 | K47: 2 | L47: tests/test_contratos.py::test_un_requisito_base_no_se_borra | N47: Pendiente
A48: CP-CON-19 | B48: Contratos y requisitos | C48: RF-09 / RN-06 | D48: Integración (API) | E48: Un requisito custom se edita y se borra | G48: API levantada sobre PostgreSQL 16; Empresa A registrada, aprobada y autenticada; Contrato de la empresa A en Los Pelambres | H48: POST /api/v1/contratos/{id}/requisitos · PATCH /api/v1/contratos/{id}/requisitos/{id} · DELETE /api/v1/contratos/{id}/requisitos/{id} | I48: Un requisito custom se edita y se borra. HTTP 200. | J48: 1 | K48: 4 | L48: tests/test_contratos.py::test_un_requisito_custom_se_edita_y_se_borra | N48: Pendiente
A49: CP-CON-20 | B49: Contratos y requisitos | C49: RF-09 / RN-06 | D49: Integración (API) | E49: Requisito retroactivo instancia documentos | F49: Por defecto un requisito nuevo no toca a los sujetos ya creados. | G49: API levantada sobre PostgreSQL 16; Empresa A registrada, aprobada y autenticada; Contrato de la empresa A en Los Pelambres | H49: POST /api/v1/equipos · POST /api/v1/contratos/{id}/requisitos · POST /api/v1/contratos/{id}/requisitos?aplicar_retroactivo=true · GET /api/v1/documentos?search=Plan de Rescate | I49: Requisito retroactivo instancia documentos. HTTP 201. | J49: 1 | K49: 4 | L49: tests/test_contratos.py::test_requisito_retroactivo_instancia_documentos | N49: Pendiente
A50: CP-CON-21 | B50: Contratos y requisitos | C50: RF-09 / RN-06 | D50: Integración (API) | E50: La matriz ordena columnas y es dispersa | G50: API levantada sobre PostgreSQL 16; Empresa A registrada, aprobada y autenticada; Contrato de la empresa A en Los Pelambres; Contrato con personal y equipos | H50: GET /api/v1/contratos/{id}/matriz | I50: La matriz ordena columnas y es dispersa. HTTP 200. | J50: 1 | K50: 14 | L50: tests/test_contratos.py::test_la_matriz_ordena_columnas_y_es_dispersa | N50: Pendiente
A51: CP-CON-22 | B51: Contratos y requisitos | C51: RF-09 / RN-06 | D51: Integración (API) | E51: La columna n de la matriz es la columna n del excel | F51: Contrato explícito de §8.4: pantalla y exportación comparten el orden. | G51: API levantada sobre PostgreSQL 16; Empresa A registrada, aprobada y autenticada; Contrato de la empresa A en Los Pelambres; Contrato con personal y equipos | H51: GET /api/v1/contratos/{id}/matriz · POST /api/v1/exportaciones | I51: La columna n de la matriz es la columna n del excel. HTTP 200. | J51: 1 | K51: 3 | L51: tests/test_contratos.py::test_la_columna_n_de_la_matriz_es_la_columna_n_del_excel | N51: Pendiente
A52: CP-CON-23 | B52: Contratos y requisitos | C52: RF-09 / RN-06 | D52: Integración (API) | E52: La matriz de equipos solo lleva equipos | G52: API levantada sobre PostgreSQL 16; Empresa A registrada, aprobada y autenticada; Contrato de la empresa A en Los Pelambres; Contrato con personal y equipos | H52: GET /api/v1/contratos/{id}/matriz?tipo=equipo | I52: La matriz de equipos solo lleva equipos. HTTP 200. | J52: 1 | K52: 4 | L52: tests/test_contratos.py::test_la_matriz_de_equipos_solo_lleva_equipos | N52: Pendiente
A53: CP-CON-24 | B53: Contratos y requisitos | C53: RF-09 / RN-06 | D53: Integración (API) | E53: La matriz rechaza cargo id con equipos | G53: API levantada sobre PostgreSQL 16; Empresa A registrada, aprobada y autenticada; Contrato de la empresa A en Los Pelambres | H53: POST /api/v1/cargos · GET /api/v1/contratos/{id}/matriz | I53: La matriz rechaza cargo id con equipos. HTTP 400 ; código de error CARGO_SOLO_PERSONAL. | J53: 1 | K53: 2 | L53: tests/test_contratos.py::test_la_matriz_rechaza_cargo_id_con_equipos | N53: Pendiente
A54: CP-CON-25 | B54: Contratos y requisitos | C54: RF-09 / RN-06 | D54: Integración (API) | E54: La matriz pagina por filas | G54: API levantada sobre PostgreSQL 16; Empresa A registrada, aprobada y autenticada; Contrato de la empresa A en Los Pelambres; Contrato con personal y equipos | H54: GET /api/v1/contratos/{id}/matriz?page_size=1 | I54: La matriz pagina por filas. HTTP 200. | J54: 1 | K54: 4 | L54: tests/test_contratos.py::test_la_matriz_pagina_por_filas | N54: Pendiente
A55: CP-CON-26 | B55: Contratos y requisitos | C55: RF-09 / RN-06 | D55: Integración (API) | E55: La matriz refleja un documento aprobado | G55: API levantada sobre PostgreSQL 16; Empresa A registrada, aprobada y autenticada; Contrato de la empresa A en Los Pelambres; Contrato con personal y equipos | H55: GET /api/v1/documentos?sujeto_id={id}&es_emsipor=false · PATCH /api/v1/documentos/{id} · GET /api/v1/contratos/{id}/matriz | I55: La matriz refleja un documento aprobado. | J55: 1 | K55: 3 | L55: tests/test_contratos.py::test_la_matriz_refleja_un_documento_aprobado | N55: Pendiente
A56: CP-CON-27 | B56: Contratos y requisitos | C56: RF-06 | D56: Integración (API) | E56: Las vistas del contrato usan la envoltura estandar | G56: API levantada sobre PostgreSQL 16; Empresa A registrada, aprobada y autenticada; Contrato de la empresa A en Los Pelambres; Contrato con personal y equipos | H56: GET /api/v1/contratos/{id}/{id} | I56: Las vistas del contrato usan la envoltura estandar. HTTP 200. | J56: 5 | K56: 2 | L56: tests/test_contratos.py::test_las_vistas_del_contrato_usan_la_envoltura_estandar | N56: Pendiente
A57: CP-CON-28 | B57: Contratos y requisitos | C57: RF-06 | D57: Integración (API) | E57: Stats del contrato | G57: API levantada sobre PostgreSQL 16; Empresa A registrada, aprobada y autenticada; Contrato de la empresa A en Los Pelambres; Contrato con personal y equipos | H57: GET /api/v1/contratos/{id} | I57: Stats del contrato. | J57: 1 | K57: 5 | L57: tests/test_contratos.py::test_stats_del_contrato | N57: Pendiente
A58: CP-DOC-01 | B58: Gestión documental e IA | C58: RF-12 / RN-03 | D58: Integración (API) | E58: Flujo sas completo | G58: API levantada sobre PostgreSQL 16; Empresa A registrada, aprobada y autenticada; Documento de requisito del contrato | H58: POST /api/v1/documentos/{id}/upload-url · POST /api/v1/documentos/{id}/archivos | I58: Flujo sas completo. HTTP 200, 201. | J58: 1 | K58: 16 | L58: tests/test_documentos.py::test_flujo_sas_completo | N58: Pendiente
A59: CP-DOC-02 | B59: Gestión documental e IA | C59: RF-12 / RN-03 | D59: Integración (API) | E59: Confirmar dos veces el mismo blob | G59: API levantada sobre PostgreSQL 16; Empresa A registrada, aprobada y autenticada; Documento de requisito del contrato | H59: POST /api/v1/documentos/{id}/archivos | I59: Confirmar dos veces el mismo blob. HTTP 409 ; código de error BLOB_YA_REGISTRADO. | J59: 1 | K59: 2 | L59: tests/test_documentos.py::test_confirmar_dos_veces_el_mismo_blob | N59: Pendiente
A60: CP-DOC-03 | B60: Gestión documental e IA | C60: RF-12 / RN-03 | D60: Integración (API) | E60: Confirmar un blob que no existe | F60: El `PUT` puede fallar sin que el cliente se entere: la API lo comprueba. | G60: API levantada sobre PostgreSQL 16; Empresa A registrada, aprobada y autenticada; Documento de requisito del contrato | H60: POST /api/v1/documentos/{id}/upload-url · POST /api/v1/documentos/{id}/archivos | I60: Confirmar un blob que no existe. HTTP 400 ; código de error BLOB_NO_ENCONTRADO. | J60: 1 | K60: 2 | L60: tests/test_documentos.py::test_confirmar_un_blob_que_no_existe | N60: Pendiente
A61: CP-DOC-04 | B61: Gestión documental e IA | C61: RF-12 / RN-03 | D61: Integración (API) | E61: Confirmar un blob de otra empresa | F61: Confusión de rutas: adjuntar el blob de otro tenant a un documento propio. | G61: API levantada sobre PostgreSQL 16; Empresa A registrada, aprobada y autenticada; Empresa B registrada, aprobada y autenticada; Contrato de la empresa A en Los Pelambres; Contrato de la empresa B; Documento de requisito del contrato | H61: POST /api/v1/documentos/{id}/archivos | I61: Confirmar un blob de otra empresa. HTTP 400 ; código de error BLOB_NO_PERMITIDO. | J61: 1 | K61: 3 | L61: tests/test_documentos.py::test_confirmar_un_blob_de_otra_empresa | N61: Pendiente
A62: CP-DOC-05 | B62: Gestión documental e IA | C62: RF-12 / RN-03 | D62: Integración (API) | E62: Confirmar sin blob path | G62: API levantada sobre PostgreSQL 16; Empresa A registrada, aprobada y autenticada; Documento de requisito del contrato | H62: POST /api/v1/documentos/{id}/archivos | I62: Confirmar sin blob path. HTTP 400 ; código de error BLOB_PATH_REQUERIDO. | J62: 1 | K62: 2 | L62: tests/test_documentos.py::test_confirmar_sin_blob_path | N62: Pendiente
A63: CP-DOC-06 | B63: Gestión documental e IA | C63: RF-12 / RN-03 | D63: Integración (API) | E63: Extension no permitida | G63: API levantada sobre PostgreSQL 16; Empresa A registrada, aprobada y autenticada; Documento de requisito del contrato | H63: POST /api/v1/documentos/{id}/upload-url | I63: Extension no permitida. HTTP 400 ; código de error EXTENSION_NO_PERMITIDA. | J63: 3 | K63: 2 | L63: tests/test_documentos.py::test_extension_no_permitida | N63: Pendiente
A64: CP-DOC-07 | B64: Gestión documental e IA | C64: RF-12 / RN-03 | D64: Integración (API) | E64: Upload url valida el tamano declarado | G64: API levantada sobre PostgreSQL 16; Empresa A registrada, aprobada y autenticada; Documento de requisito del contrato | H64: POST /api/v1/documentos/{id}/upload-url | I64: Upload url valida el tamano declarado. HTTP 400 ; código de error ARCHIVO_VACIO, ARCHIVO_MUY_GRANDE. | J64: 1 | K64: 4 | L64: tests/test_documentos.py::test_upload_url_valida_el_tamano_declarado | N64: Pendiente
A65: CP-DOC-08 | B65: Gestión documental e IA | C65: RF-12 / RN-03 | D65: Integración (API) | E65: El put rechaza un cuerpo vacio | G65: API levantada sobre PostgreSQL 16; Empresa A registrada, aprobada y autenticada; Documento de requisito del contrato | H65: POST /api/v1/documentos/{id}/upload-url | I65: El put rechaza un cuerpo vacio. HTTP 400 ; código de error ARCHIVO_VACIO. | J65: 1 | K65: 2 | L65: tests/test_documentos.py::test_el_put_rechaza_un_cuerpo_vacio | N65: Pendiente
A66: CP-DOC-09 | B66: Gestión documental e IA | C66: RF-14 | D66: Integración (API) | E66: La revisión ia se aplica en el acto | F66: Con la cola en proceso el job ya terminó cuando responde la confirmación. | G66: API levantada sobre PostgreSQL 16; Empresa A registrada, aprobada y autenticada; Documento de requisito del contrato | H66: GET /api/v1/ia/revisiones/{id} · GET /api/v1/documentos/{id} | I66: La revisión ia se aplica en el acto. HTTP 200. | J66: 1 | K66: 11 | L66: tests/test_documentos.py::test_la_revisión_ia_se_aplica_en_el_acto | N66: Pendiente
A67: CP-DOC-10 | B67: Gestión documental e IA | C67: RF-14 | D67: Integración (API) | E67: Una revision con errores genera alerta | F67: Se busca un archivo cuyo veredicto simulado tenga errores. | G67: API levantada sobre PostgreSQL 16; Empresa A registrada, aprobada y autenticada; Contrato de la empresa A en Los Pelambres | H67: GET /api/v1/contratos/{id}/documentos · GET /api/v1/ia/revisiones/{id} · GET /api/v1/alertas?origen=ia | I67: Una revision con errores genera alerta. HTTP 200. | J67: 1 | K67: 4 | L67: tests/test_documentos.py::test_una_revision_con_errores_genera_alerta | N67: Pendiente
A68: CP-DOC-11 | B68: Gestión documental e IA | C68: RF-14 | D68: Integración (API) | E68: Revision de otra empresa no es consultable | G68: API levantada sobre PostgreSQL 16; Empresa A registrada, aprobada y autenticada; Empresa B registrada, aprobada y autenticada; Documento de requisito del contrato | H68: GET /api/v1/ia/revisiones/{id} | I68: Revision de otra empresa no es consultable. HTTP 404. | J68: 1 | K68: 1 | L68: tests/test_documentos.py::test_revision_de_otra_empresa_no_es_consultable | N68: Pendiente
A69: CP-DOC-12 | B69: Gestión documental e IA | C69: RF-12 / RN-03 | D69: Integración (API) | E69: Download url firmada funciona | G69: API levantada sobre PostgreSQL 16; Empresa A registrada, aprobada y autenticada; Documento de requisito del contrato | H69: GET /api/v1/documentos/{id}/archivos/{id}/download-url | I69: Download url firmada funciona. HTTP 200. | J69: 1 | K69: 7 | L69: tests/test_documentos.py::test_download_url_firmada_funciona | N69: Pendiente
A70: CP-DOC-13 | B70: Gestión documental e IA | C70: RF-12 / RN-03 | D70: Integración (API) | E70: Firma manipulada da 403 | G70: API levantada sobre PostgreSQL 16; Empresa A registrada, aprobada y autenticada; Documento de requisito del contrato | H70: GET /api/v1/documentos/{id}/archivos/{id}/download-url | I70: Firma manipulada da 403. HTTP 403 ; código de error FIRMA_INVALIDA. | J70: 1 | K70: 2 | L70: tests/test_documentos.py::test_firma_manipulada_da_403 | N70: Pendiente
A71: CP-DOC-14 | B71: Gestión documental e IA | C71: RF-12 / RN-03 | D71: Integración (API) | E71: La firma no sirve para otro blob | F71: El HMAC cubre (modo, blob_path, exp): no es una llave maestra. | G71: API levantada sobre PostgreSQL 16; Empresa A registrada, aprobada y autenticada; Empresa B registrada, aprobada y autenticada; Contrato de la empresa B; Documento de requisito del contrato | H71: GET /api/v1/documentos/{id}/archivos/{id}/download-url | I71: La firma no sirve para otro blob. HTTP 403 ; código de error FIRMA_INVALIDA. | J71: 1 | K71: 2 | L71: tests/test_documentos.py::test_la_firma_no_sirve_para_otro_blob | N71: Pendiente
A72: CP-DOC-15 | B72: Gestión documental e IA | C72: RF-12 / RN-03 | D72: Integración (API) | E72: La firma de escritura no sirve para leer | F72: El modo va dentro del HMAC: una SAS de escritura no descarga. | G72: API levantada sobre PostgreSQL 16; Empresa A registrada, aprobada y autenticada; Documento de requisito del contrato | H72: POST /api/v1/documentos/{id}/upload-url | I72: La firma de escritura no sirve para leer. HTTP 403 ; código de error FIRMA_INVALIDA. | J72: 1 | K72: 2 | L72: tests/test_documentos.py::test_la_firma_de_escritura_no_sirve_para_leer | N72: Pendiente
A73: CP-DOC-16 | B73: Gestión documental e IA | C73: RF-12 / RN-03 | D73: Integración (API) | E73: Borrar el archivo devuelve el documento a falta | G73: API levantada sobre PostgreSQL 16; Empresa A registrada, aprobada y autenticada; Documento de requisito del contrato | H73: DELETE /api/v1/documentos/{id}/archivos/{id} · GET /api/v1/documentos/{id}/archivos/{id}/download-url | I73: Borrar el archivo devuelve el documento a falta. HTTP 200, 404. | J73: 1 | K73: 4 | L73: tests/test_documentos.py::test_borrar_el_archivo_devuelve_el_documento_a_falta | N73: Pendiente
A74: CP-DOC-17 | B74: Gestión documental e IA | C74: RF-12 / RN-03 | D74: Integración (API) | E74: El endpoint de descarga antiguo ya no existe | F74: §6.2 de RUPTURAS: `/descarga` está eliminado, no deprecado. | G74: API levantada sobre PostgreSQL 16; Empresa A registrada, aprobada y autenticada; Documento de requisito del contrato | H74: GET /api/v1/documentos/{id}/archivos/{id}/descarga | I74: El endpoint de descarga antiguo ya no existe. HTTP 404. | J74: 1 | K74: 1 | L74: tests/test_documentos.py::test_el_endpoint_de_descarga_antiguo_ya_no_existe | N74: Pendiente
A75: CP-DOC-18 | B75: Gestión documental e IA | C75: RF-12 / RN-03 | D75: Integración (API) | E75: Listado transversal tiene la envoltura estandar | G75: API levantada sobre PostgreSQL 16; Empresa A registrada, aprobada y autenticada; Datos de ejemplo cargados | H75: GET /api/v1/documentos | I75: Listado transversal tiene la envoltura estandar. HTTP 200. | J75: 1 | K75: 10 | L75: tests/test_documentos.py::test_listado_transversal_tiene_la_envoltura_estandar | N75: Pendiente
A76: CP-DOC-19 | B76: Gestión documental e IA | C76: RF-12 / RN-03 | D76: Integración (API) | E76: Listado respeta los filtros | G76: API levantada sobre PostgreSQL 16; Empresa A registrada, aprobada y autenticada; Datos de ejemplo cargados; Contrato de la empresa A en Los Pelambres | H76: GET /api/v1/documentos?{id} · GET /api/v1/documentos?sujeto_id={id} · GET /api/v1/documentos?search=SOAP&page_size=100 | I76: Listado respeta los filtros. HTTP 200. | J76: 1 | K76: 9 | L76: tests/test_documentos.py::test_listado_respeta_los_filtros | N76: Pendiente
A77: CP-DOC-20 | B77: Gestión documental e IA | C77: RF-12 / RN-03 | D77: Integración (API) | E77: Filtros de vencimiento | G77: API levantada sobre PostgreSQL 16; Empresa A registrada, aprobada y autenticada; Datos de ejemplo cargados | H77: GET /api/v1/documentos?sujeto_id={id} · PATCH /api/v1/documentos/{id} · GET /api/v1/documentos?vence_antes={id}&page_size=100 · GET /api/v1/documentos?estado_calc=porvenc&page_size=100 | I77: Filtros de vencimiento. HTTP 200. | J77: 1 | K77: 4 | L77: tests/test_documentos.py::test_filtros_de_vencimiento | N77: Pendiente
A78: CP-DOC-21 | B78: Gestión documental e IA | C78: RF-12 / RN-03 | D78: Integración (API) | E78: Listado valida los filtros | G78: API levantada sobre PostgreSQL 16; Empresa A registrada, aprobada y autenticada | H78: GET /api/v1/documentos?{id} | I78: Listado valida los filtros. HTTP 400. | J78: 3 | K78: 2 | L78: tests/test_documentos.py::test_listado_valida_los_filtros | N78: Pendiente
A79: CP-DOC-22 | B79: Gestión documental e IA | C79: RF-12 / RN-03 | D79: Integración (API) | E79: Page size por encima del maximo es 422 | G79: API levantada sobre PostgreSQL 16; Empresa A registrada, aprobada y autenticada | H79: GET /api/v1/documentos?page_size=500 | I79: Page size por encima del maximo es 422. HTTP 422. | J79: 1 | K79: 1 | L79: tests/test_documentos.py::test_page_size_por_encima_del_maximo_es_422 | N79: Pendiente
A80: CP-DOC-23 | B80: Gestión documental e IA | C80: RF-12 / RN-03 | D80: Integración (API) | E80: Patch deriva el vencimiento de la plantilla | F80: Sin fecha, un documento `ok` lo estaría para siempre: se deriva. | G80: API levantada sobre PostgreSQL 16; Empresa A registrada, aprobada y autenticada; Contrato de la empresa A en Los Pelambres | H80: GET /api/v1/contratos/{id}/documentos · PATCH /api/v1/documentos/{id} | I80: Patch deriva el vencimiento de la plantilla. HTTP 200. | J80: 1 | K80: 5 | L80: tests/test_documentos.py::test_patch_deriva_el_vencimiento_de_la_plantilla | N80: Pendiente
A81: CP-DOC-24 | B81: Gestión documental e IA | C81: RF-12 / RN-03 | D81: Integración (API) | E81: Patch sin cambios | G81: API levantada sobre PostgreSQL 16; Empresa A registrada, aprobada y autenticada; Documento de requisito del contrato | H81: PATCH /api/v1/documentos/{id} | I81: Patch sin cambios. HTTP 400 ; código de error SIN_CAMBIOS. | J81: 1 | K81: 2 | L81: tests/test_documentos.py::test_patch_sin_cambios | N81: Pendiente
A82: CP-DOC-25 | B82: Gestión documental e IA | C82: RF-12 / RN-03 | D82: Integración (API) | E82: Patch rechaza un estado derivado | F82: `estado` es la marca manual (ok/falta); `estado_calc` lo calcula el sistema. | G82: API levantada sobre PostgreSQL 16; Empresa A registrada, aprobada y autenticada; Documento de requisito del contrato | H82: PATCH /api/v1/documentos/{id} | I82: Patch rechaza un estado derivado. HTTP 400 ; código de error TRANSICION_INVALIDA. | J82: 1 | K82: 2 | L82: tests/test_documentos.py::test_patch_rechaza_un_estado_derivado | N82: Pendiente
A83: CP-ESQ-01 | B83: Esquema de base de datos | C83: RNF-01 / RNF-02 | D83: Base de datos | E83: Version de esquema | F83: 01→04 + 06 aplicados equivalen a la versión 6 que la API exige. | G83: API levantada sobre PostgreSQL 16; Esquema aplicado | H83: Ver función (usa funciones auxiliares de la suite) | I83: Version de esquema. | J83: 1 | K83: 2 | L83: tests/test_esquema.py::test_version_de_esquema | N83: Pendiente
A84: CP-ESQ-02 | B84: Esquema de base de datos | C84: RNF-01 / RNF-02 | D84: Base de datos | E84: Health esquema | G84: API levantada sobre PostgreSQL 16 | H84: GET /health/esquema | I84: Health esquema. HTTP 200. | J84: 1 | K84: 2 | L84: tests/test_esquema.py::test_health_esquema | N84: Pendiente
A85: CP-ESQ-03 | B85: Esquema de base de datos | C85: RNF-01 / RNF-02 | D85: Base de datos | E85: Rls habilitado y forzado | F85: Chequeo 1 de 05_verificacion: toda tabla con company_id tiene RLS. | G85: API levantada sobre PostgreSQL 16; Conexión directa a la base como dueño (para verificar lo que la API no ve) | H85: Ver función (usa funciones auxiliares de la suite) | I85: Rls habilitado y forzado. | J85: 1 | K85: 3 | L85: tests/test_esquema.py::test_rls_habilitado_y_forzado | N85: Pendiente
A86: CP-ESQ-04 | B86: Esquema de base de datos | C86: RNF-01 / RNF-02 | D86: Base de datos | E86: Foreign keys con indice | F86: Chequeo 2 de 05_verificacion: ninguna FK sin índice de soporte. | G86: API levantada sobre PostgreSQL 16; Conexión directa a la base como dueño (para verificar lo que la API no ve) | H86: Ver función (usa funciones auxiliares de la suite) | I86: Foreign keys con indice. | J86: 1 | K86: 1 | L86: tests/test_esquema.py::test_foreign_keys_con_indice | N86: Pendiente
A87: CP-ESQ-05 | B87: Esquema de base de datos | C87: RNF-01 / RNF-02 | D87: Base de datos | E87: Constraints validadas | F87: Chequeo 3: no quedan constraints NOT VALID pendientes. | G87: API levantada sobre PostgreSQL 16; Conexión directa a la base como dueño (para verificar lo que la API no ve) | H87: Ver función (usa funciones auxiliares de la suite) | I87: Constraints validadas. | J87: 1 | K87: 1 | L87: tests/test_esquema.py::test_constraints_validadas | N87: Pendiente
A88: CP-ESQ-06 | B88: Esquema de base de datos | C88: RNF-01 / RNF-02 | D88: Base de datos | E88: Indices validos | F88: Chequeo 13: ningún índice quedó inválido tras la migración. | G88: API levantada sobre PostgreSQL 16; Conexión directa a la base como dueño (para verificar lo que la API no ve) | H88: Ver función (usa funciones auxiliares de la suite) | I88: Indices validos. | J88: 1 | K88: 1 | L88: tests/test_esquema.py::test_indices_validos | N88: Pendiente
A89: CP-ESQ-07 | B89: Esquema de base de datos | C89: RNF-01 / RNF-02 | D89: Base de datos | E89: Jwe no legible fuera del worker | F89: Chequeo 17: solo acredittia_worker puede leer el JWE de la credencial. | G89: API levantada sobre PostgreSQL 16; Conexión directa a la base como dueño (para verificar lo que la API no ve) | H89: Ver función (usa funciones auxiliares de la suite) | I89: Jwe no legible fuera del worker. | J89: 1 | K89: 4 | L89: tests/test_esquema.py::test_jwe_no_legible_fuera_del_worker | N89: Pendiente
A90: CP-ESQ-08 | B90: Esquema de base de datos | C90: RNF-01 / RNF-02 | D90: Base de datos | E90: Api conecta sin bypass de rls | F90: La suite prueba RLS de verdad: el rol de la API no puede saltarlo. | G90: API levantada sobre PostgreSQL 16; Conexión directa a la base como dueño (para verificar lo que la API no ve); Esquema aplicado | H90: Ver función (usa funciones auxiliares de la suite) | I90: Api conecta sin bypass de rls. | J90: 1 | K90: 2 | L90: tests/test_esquema.py::test_api_conecta_sin_bypass_de_rls | N90: Pendiente
A91: CP-ESQ-09 | B91: Esquema de base de datos | C91: RNF-01 / RNF-02 | D91: Base de datos | E91: Tablas append only rechazan update | F91: Chequeo estructural: `actividad` y `bitacora_cambios` son inmutables. | G91: API levantada sobre PostgreSQL 16; Conexión directa a la base como dueño (para verificar lo que la API no ve); Empresa A registrada, aprobada y autenticada | H91: Ver función (usa funciones auxiliares de la suite) | I91: Tablas append only rechazan update. | J91: 1 | K91: 1 | L91: tests/test_esquema.py::test_tablas_append_only_rechazan_update | N91: Pendiente
A92: CP-OPE-01 | B92: Alertas, dashboard y calendario | C92: RF-13 / RN-02 | D92: Integración (API) | E92: Listado de alertas | G92: API levantada sobre PostgreSQL 16; Empresa A registrada, aprobada y autenticada; Tres alertas generadas para la empresa | H92: GET /api/v1/alertas | I92: Listado de alertas. HTTP 200. | J92: 1 | K92: 5 | L92: tests/test_operacion.py::test_listado_de_alertas | N92: Pendiente
A93: CP-OPE-02 | B93: Alertas, dashboard y calendario | C93: RF-13 / RN-02 | D93: Integración (API) | E93: Filtros de alertas | G93: API levantada sobre PostgreSQL 16; Empresa A registrada, aprobada y autenticada; Tres alertas generadas para la empresa | H93: GET /api/v1/alertas?{id} | I93: Filtros de alertas. HTTP 200. | J93: 6 | K93: 2 | L93: tests/test_operacion.py::test_filtros_de_alertas | N93: Pendiente
A94: CP-OPE-03 | B94: Alertas, dashboard y calendario | C94: RF-13 / RN-02 | D94: Integración (API) | E94: Filtros invalidos de alertas | G94: API levantada sobre PostgreSQL 16; Empresa A registrada, aprobada y autenticada | H94: GET /api/v1/alertas?{id} | I94: Filtros invalidos de alertas. HTTP 400. | J94: 3 | K94: 2 | L94: tests/test_operacion.py::test_filtros_invalidos_de_alertas | N94: Pendiente
A95: CP-OPE-04 | B95: Alertas, dashboard y calendario | C95: RF-13 / RN-02 | D95: Integración (API) | E95: Resumen de alertas | G95: API levantada sobre PostgreSQL 16; Empresa A registrada, aprobada y autenticada; Tres alertas generadas para la empresa | H95: GET /api/v1/alertas/resumen | I95: Resumen de alertas. HTTP 200. | J95: 1 | K95: 7 | L95: tests/test_operacion.py::test_resumen_de_alertas | N95: Pendiente
A96: CP-OPE-05 | B96: Alertas, dashboard y calendario | C96: RF-13 / RN-02 | D96: Integración (API) | E96: Patch de alerta marca y resuelve | G96: API levantada sobre PostgreSQL 16; Empresa A registrada, aprobada y autenticada; Tres alertas generadas para la empresa | H96: PATCH /api/v1/alertas/{id} · GET /api/v1/alertas · GET /api/v1/alertas?solo_activas=false | I96: Patch de alerta marca y resuelve. HTTP 200. | J96: 1 | K96: 9 | L96: tests/test_operacion.py::test_patch_de_alerta_marca_y_resuelve | N96: Pendiente
A97: CP-OPE-06 | B97: Alertas, dashboard y calendario | C97: RF-13 / RN-02 | D97: Integración (API) | E97: Patch de alerta sin cambios y estado invalido | G97: API levantada sobre PostgreSQL 16; Empresa A registrada, aprobada y autenticada; Tres alertas generadas para la empresa | H97: PATCH /api/v1/alertas/{id} | I97: Patch de alerta sin cambios y estado invalido. HTTP 400 ; código de error SIN_CAMBIOS, ESTADO_INVALIDO. | J97: 1 | K97: 4 | L97: tests/test_operacion.py::test_patch_de_alerta_sin_cambios_y_estado_invalido | N97: Pendiente
A98: CP-OPE-07 | B98: Alertas, dashboard y calendario | C98: RNF-06 | D98: Integración (API) | E98: Marcar leidas deja rastro en actividad | G98: API levantada sobre PostgreSQL 16; Empresa A registrada, aprobada y autenticada; Tres alertas generadas para la empresa | H98: POST /api/v1/alertas/marcar-leidas · GET /api/v1/alertas?leida=true · GET /api/v1/actividad?modulo=alertas&page_size=100 | I98: Marcar leidas deja rastro en actividad. HTTP 200. | J98: 1 | K98: 5 | L98: tests/test_operacion.py::test_marcar_leidas_deja_rastro_en_actividad | N98: Pendiente
A99: CP-OPE-08 | B99: Alertas, dashboard y calendario | C99: RF-17 | D99: Integración (API) | E99: Marcar leidas solo las indicadas | G99: API levantada sobre PostgreSQL 16; Empresa A registrada, aprobada y autenticada; Tres alertas generadas para la empresa | H99: POST /api/v1/alertas/marcar-leidas · GET /api/v1/alertas?leida=true | I99: Marcar leidas solo las indicadas. HTTP 200. | J99: 1 | K99: 3 | L99: tests/test_operacion.py::test_marcar_leidas_solo_las_indicadas | N99: Pendiente
A100: CP-OPE-09 | B100: Alertas, dashboard y calendario | C100: RF-17 | D100: Integración (API) | E100: Kpis | G100: API levantada sobre PostgreSQL 16; Empresa A registrada, aprobada y autenticada; Contrato de la empresa A en Los Pelambres; Trabajador conductor dado de alta en el contrato; Tres alertas generadas para la empresa | H100: GET /api/v1/dashboard/kpis | I100: Kpis. HTTP 200. | J100: 1 | K100: 9 | L100: tests/test_operacion.py::test_kpis | N100: Pendiente
...
